martedi;mercoledi;giovedi
Cremona, Sesto 39;Cremona, Sesto 39;Cremona, Sesto 39
Cremona, Ugolani Dati, 4;Castelverde, Ubaldo Ferrari, 15;Solarolo Rainerio, Giuseppina, 81
Gadesco-Pieve Delmona, Giovanni Lonati 9;Ostiano, Mazzini, 1;San Giovanni in Croce, Feudatari, 25 A
Vescovato, Roma, 44;Casalbuttano ed Uniti, Jacini, 23;
Pescarolo ed Uniti, Giuseppe Mazzini, 73;Soresina, Giacomo Matteotti, 6;
Ostiano, Mazzini, 1;Crema, Civerchi, 9;
Persico Dosimo, Albert ,7;Viadana, A. Manzoni, 2;
Piadena, Platina, 40;Rivarolo del Re ed Uniti, Giovanni XXIII, 5;
San Giovanni in Croce, Feudatari, 25 A;Casalmaggiore, Guglielmo Marconi, 8;
;Martignana di Po, Libertà, 64;
;San Giovanni in Croce, Feudatari, 25 A;
;;
;;
;;
;;
;;
;;
;;
;;
;;
;;
;;
;;
;;
;;
;;
;;
;;
;;
;;
;;
;;
;;
;;
;;
;;
;;
;;
;;
;;
;;
;;
;;
;;
;;
;;
;;
;;
;;
;;
